,diff_age,match,unmatch,Taux_match
0,0,79,281,0.28113879003558717
1,1,177,713,0.2482468443197756
2,2,132,592,0.22297297297297297
3,3,100,539,0.18552875695732837
4,4,102,510,0.2
5,5,66,369,0.17886178861788618
6,6,43,279,0.15412186379928317
7,7,33,198,0.16666666666666666
8,8,19,127,0.14960629921259844
9,9,18,97,0.18556701030927836
10,10+,22,205,0.1073170731707317
